iter	Passed	Remaining
0	198	198345
1	208	104206
2	218	72737
3	227	56678
4	237	47244
5	247	40985
6	256	36406
7	266	33046
8	273	30120
9	281	27870
10	288	25916
11	297	24464
12	304	23094
13	312	21978
14	318	20909
15	325	19988
16	331	19188
17	338	18457
18	347	17946
19	354	17390
20	362	16895
21	368	16395
22	376	15989
23	383	15604
24	391	15249
25	397	14896
26	405	14617
27	414	14385
28	420	14095
29	428	13862
30	435	13616
31	443	13407
32	450	13203
33	458	13025
34	465	12834
35	473	12671
36	480	12500
37	487	12344
38	495	12208
39	502	12068
40	510	11938
41	518	11835
42	527	11742
43	536	11659
44	544	11560
45	552	11466
46	562	11399
47	571	11341
48	580	11259
49	588	11181
50	596	11100
51	603	10996
52	610	10912
53	619	10852
54	627	10779
55	635	10708
56	643	10641
57	651	10584
58	660	10530
59	668	10470
60	680	10469
61	687	10396
62	695	10339
63	703	10287
64	711	10235
65	719	10186
66	727	10126
67	735	10076
68	742	10024
69	750	9976
70	759	9935
71	768	9903
72	776	9856
73	785	9823
74	793	9780
75	801	9750
76	809	9703
77	818	9671
78	825	9623
79	831	9567
80	839	9527
81	848	9495
82	856	9457
83	864	9424
84	873	9398
85	882	9376
86	890	9341
87	899	9323
88	907	9288
89	916	9267
90	924	9230
91	932	9201
92	939	9165
93	946	9119
94	953	9085
95	961	9052
96	969	9025
97	978	9008
98	986	8982
99	996	8967
100	1003	8935
101	1012	8912
102	1019	8881
103	1028	8860
104	1035	8830
105	1043	8799
106	1051	8778
107	1060	8755
108	1067	8729
109	1076	8707
110	1084	8685
111	1093	8667
112	1101	8643
113	1110	8632
114	1118	8605
115	1127	8589
116	1134	8558
117	1140	8527
118	1148	8504
119	1157	8485
120	1164	8462
121	1172	8441
122	1181	8422
123	1190	8411
124	1199	8397
125	1206	8365
126	1213	8340
127	1222	8328
128	1230	8309
129	1238	8289
130	1246	8268
131	1254	8249
132	1262	8228
133	1269	8206
134	1277	8187
135	1286	8170
136	1294	8152
137	1301	8131
138	1309	8110
139	1317	8094
140	1325	8073
141	1333	8056
142	1341	8038
143	1349	8022
144	1356	8000
145	1365	7985
146	1372	7961
147	1381	7952
148	1389	7936
149	1398	7922
150	1405	7901
151	1414	7888
152	1421	7870
153	1429	7850
154	1435	7827
155	1443	7809
156	1451	7791
157	1459	7777
158	1467	7760
159	1474	7743
160	1481	7721
161	1490	7710
162	1497	7688
163	1504	7671
164	1512	7651
165	1519	7633
166	1525	7610
167	1532	7587
168	1539	7570
169	1545	7545
170	1552	7527
171	1559	7505
172	1565	7484
173	1572	7465
174	1579	7448
175	1587	7433
176	1594	7411
177	1601	7393
178	1608	7377
179	1614	7357
180	1622	7339
181	1628	7318
182	1635	7302
183	1643	7287
184	1650	7269
185	1656	7251
186	1663	7231
187	1671	7217
188	1677	7197
189	1684	7183
190	1691	7164
191	1698	7149
192	1707	7139
193	1714	7123
194	1722	7110
195	1730	7097
196	1738	7085
197	1745	7071
198	1753	7057
199	1761	7047
200	1769	7035
201	1778	7024
202	1786	7012
203	1794	7001
204	1802	6990
205	1809	6972
206	1816	6959
207	1824	6948
208	1832	6934
209	1838	6916
210	1845	6901
211	1853	6890
212	1861	6878
213	1869	6867
214	1877	6856
215	1885	6843
216	1892	6830
217	1901	6819
218	1907	6802
219	1916	6793
220	1923	6781
221	1931	6768
222	1939	6757
223	1946	6744
224	1954	6733
225	1962	6720
226	1970	6710
227	1978	6699
228	1986	6688
229	1994	6676
230	2002	6665
231	2009	6653
232	2016	6637
233	2022	6622
234	2030	6610
235	2037	6595
236	2044	6580
237	2050	6565
238	2058	6553
239	2065	6540
240	2072	6526
241	2079	6514
242	2088	6505
243	2095	6491
244	2101	6477
245	2109	6464
246	2117	6456
247	2126	6446
248	2134	6436
249	2141	6424
250	2150	6418
251	2157	6405
252	2166	6395
253	2173	6383
254	2180	6370
255	2186	6355
256	2194	6343
257	2200	6329
258	2208	6319
259	2217	6312
260	2225	6302
261	2232	6289
262	2239	6276
263	2246	6261
264	2252	6247
265	2259	6233
266	2265	6219
267	2274	6211
268	2280	6197
269	2287	6185
270	2294	6173
271	2301	6159
272	2307	6145
273	2314	6131
274	2320	6116
275	2326	6103
276	2332	6088
277	2339	6075
278	2345	6061
279	2351	6047
280	2358	6034
281	2364	6020
282	2372	6009
283	2379	5998
284	2386	5986
285	2392	5972
286	2398	5958
287	2405	5946
288	2411	5931
289	2418	5920
290	2424	5907
291	2430	5893
292	2438	5883
293	2444	5869
294	2450	5856
295	2456	5843
296	2463	5830
297	2470	5820
298	2477	5807
299	2483	5795
300	2490	5782
301	2497	5772
302	2503	5759
303	2510	5748
304	2517	5736
305	2524	5724
306	2531	5714
307	2537	5701
308	2543	5688
309	2550	5676
310	2556	5663
311	2562	5651
312	2569	5639
313	2576	5627
314	2583	5617
315	2589	5605
316	2596	5594
317	2603	5583
318	2609	5571
319	2616	5560
320	2623	5548
321	2630	5537
322	2636	5526
323	2643	5514
324	2649	5503
325	2656	5492
326	2663	5481
327	2669	5469
328	2676	5459
329	2682	5446
330	2689	5436
331	2696	5425
332	2703	5414
333	2710	5404
334	2717	5394
335	2723	5381
336	2729	5370
337	2736	5359
338	2743	5349
339	2750	5339
340	2756	5327
341	2764	5319
342	2771	5309
343	2778	5298
344	2784	5287
345	2793	5279
346	2799	5268
347	2805	5256
348	2812	5246
349	2818	5235
350	2825	5224
351	2831	5213
352	2837	5201
353	2844	5190
354	2851	5179
355	2858	5170
356	2865	5160
357	2872	5150
358	2883	5148
359	2893	5144
360	2904	5140
361	2913	5135
362	2922	5128
363	2930	5121
364	2938	5111
365	2946	5103
366	2953	5094
367	2960	5085
368	2967	5074
369	2973	5063
370	2980	5053
371	2988	5045
372	2996	5037
373	3003	5027
374	3010	5018
375	3018	5008
376	3025	4999
377	3032	4990
378	3039	4980
379	3047	4971
380	3054	4962
381	3062	4953
382	3068	4943
383	3075	4933
384	3082	4924
385	3088	4913
386	3096	4905
387	3103	4894
388	3110	4886
389	3117	4876
390	3125	4867
391	3131	4857
392	3138	4847
393	3145	4838
394	3153	4829
395	3160	4820
396	3167	4810
397	3174	4801
398	3180	4791
399	3187	4780
400	3194	4771
401	3202	4763
402	3210	4755
403	3217	4746
404	3224	4736
405	3230	4725
406	3236	4715
407	3242	4705
408	3249	4695
409	3256	4686
410	3264	4677
411	3270	4668
412	3277	4657
413	3284	4648
414	3292	4641
415	3298	4630
416	3305	4620
417	3311	4610
418	3317	4599
419	3323	4590
420	3330	4579
421	3336	4570
422	3342	4559
423	3349	4550
424	3356	4540
425	3362	4530
426	3369	4521
427	3375	4511
428	3383	4503
429	3390	4494
430	3397	4485
431	3404	4475
432	3410	4466
433	3417	4456
434	3422	4445
435	3429	4436
436	3436	4427
437	3442	4417
438	3449	4408
439	3456	4398
440	3462	4389
441	3471	4382
442	3477	4372
443	3485	4364
444	3493	4357
445	3500	4348
446	3508	4340
447	3514	4330
448	3521	4321
449	3528	4312
450	3535	4304
451	3542	4295
452	3550	4287
453	3557	4278
454	3563	4268
455	3570	4259
456	3577	4250
457	3586	4244
458	3594	4236
459	3600	4226
460	3607	4217
461	3615	4209
462	3621	4200
463	3629	4192
464	3635	4183
465	3642	4174
466	3650	4166
467	3656	4156
468	3664	4148
469	3671	4139
470	3678	4131
471	3686	4123
472	3692	4114
473	3700	4106
474	3706	4096
475	3714	4088
476	3721	4079
477	3728	4071
478	3735	4063
479	3742	4054
480	3750	4046
481	3756	4037
482	3764	4029
483	3771	4020
484	3779	4013
485	3786	4004
486	3793	3996
487	3801	3988
488	3808	3979
489	3815	3971
490	3822	3962
491	3829	3954
492	3837	3946
493	3846	3940
494	3854	3932
495	3863	3926
496	3870	3916
497	3877	3908
498	3885	3900
499	3893	3893
500	3900	3885
501	3907	3876
502	3915	3868
503	3921	3859
504	3930	3852
505	3937	3843
506	3946	3837
507	3953	3828
508	3961	3821
509	3968	3812
510	3976	3805
511	3983	3796
512	3991	3789
513	3999	3781
514	4007	3774
515	4014	3765
516	4022	3757
517	4029	3749
518	4035	3740
519	4043	3732
520	4050	3723
521	4058	3716
522	4065	3707
523	4073	3700
524	4079	3691
525	4088	3683
526	4095	3675
527	4103	3667
528	4109	3659
529	4116	3650
530	4123	3641
531	4129	3632
532	4137	3624
533	4144	3616
534	4150	3607
535	4157	3598
536	4163	3590
537	4170	3581
538	4177	3572
539	4183	3564
540	4191	3555
541	4203	3552
542	4215	3547
543	4225	3541
544	4235	3535
545	4244	3529
546	4252	3521
547	4260	3514
548	4269	3507
549	4277	3499
550	4285	3491
551	4292	3484
552	4299	3475
553	4307	3467
554	4313	3458
555	4321	3450
556	4328	3442
557	4336	3435
558	4344	3427
559	4351	3418
560	4358	3410
561	4365	3402
562	4372	3394
563	4380	3386
564	4388	3378
565	4395	3370
566	4401	3361
567	4409	3354
568	4416	3345
569	4424	3337
570	4431	3329
571	4439	3321
572	4445	3313
573	4452	3304
574	4459	3296
575	4466	3287
576	4474	3280
577	4480	3271
578	4488	3263
579	4496	3255
580	4504	3248
581	4510	3239
582	4516	3230
583	4524	3222
584	4530	3213
585	4538	3206
586	4544	3197
587	4551	3189
588	4558	3180
589	4567	3173
590	4574	3165
591	4580	3157
592	4588	3149
593	4595	3140
594	4602	3132
595	4608	3124
596	4617	3116
597	4624	3108
598	4630	3099
599	4636	3091
600	4643	3082
601	4649	3074
602	4656	3065
603	4662	3056
604	4669	3048
605	4677	3040
606	4684	3033
607	4691	3025
608	4699	3017
609	4706	3009
610	4713	3000
611	4720	2992
612	4727	2984
613	4734	2976
614	4740	2967
615	4746	2958
616	4753	2950
617	4759	2942
618	4766	2933
619	4772	2925
620	4779	2917
621	4786	2908
622	4792	2900
623	4799	2892
624	4806	2883
625	4813	2876
626	4820	2867
627	4827	2859
628	4833	2850
629	4839	2842
630	4845	2833
631	4852	2825
632	4858	2817
633	4865	2808
634	4871	2800
635	4878	2792
636	4884	2783
637	4891	2775
638	4898	2767
639	4904	2758
640	4910	2750
641	4917	2742
642	4923	2733
643	4930	2725
644	4937	2717
645	4943	2708
646	4949	2700
647	4955	2691
648	4961	2683
649	4968	2675
650	4975	2667
651	4980	2658
652	4987	2650
653	4994	2642
654	5001	2634
655	5007	2626
656	5014	2617
657	5021	2609
658	5028	2601
659	5034	2593
660	5041	2585
661	5047	2577
662	5053	2568
663	5059	2560
664	5066	2552
665	5073	2544
666	5079	2535
667	5085	2527
668	5092	2519
669	5098	2511
670	5106	2503
671	5112	2495
672	5119	2487
673	5126	2479
674	5132	2471
675	5139	2463
676	5146	2455
677	5152	2447
678	5158	2438
679	5165	2431
680	5172	2422
681	5178	2414
682	5184	2406
683	5191	2398
684	5204	2393
685	5212	2385
686	5219	2378
687	5225	2369
688	5231	2361
689	5239	2353
690	5245	2345
691	5252	2337
692	5258	2329
693	5264	2321
694	5271	2313
695	5277	2305
696	5284	2297
697	5290	2289
698	5296	2280
699	5303	2272
700	5309	2264
701	5316	2257
702	5323	2249
703	5329	2240
704	5337	2233
705	5343	2225
706	5350	2217
707	5356	2209
708	5363	2201
709	5370	2193
710	5377	2185
711	5384	2177
712	5390	2169
713	5396	2161
714	5403	2153
715	5410	2145
716	5417	2138
717	5424	2130
718	5431	2122
719	5437	2114
720	5444	2106
721	5451	2098
722	5457	2090
723	5463	2082
724	5470	2074
725	5476	2066
726	5483	2059
727	5489	2051
728	5496	2043
729	5502	2035
730	5510	2027
731	5517	2019
732	5526	2013
733	5536	2006
734	5545	1999
735	5554	1992
736	5563	1985
737	5571	1978
738	5579	1970
739	5587	1963
740	5593	1955
741	5601	1947
742	5608	1939
743	5614	1931
744	5620	1923
745	5627	1916
746	5634	1908
747	5641	1900
748	5648	1892
749	5655	1885
750	5663	1877
751	5669	1869
752	5676	1862
753	5682	1854
754	5689	1846
755	5695	1838
756	5702	1830
757	5709	1822
758	5715	1814
759	5722	1807
760	5728	1798
761	5734	1791
762	5741	1783
763	5748	1775
764	5755	1767
765	5760	1759
766	5767	1752
767	5774	1744
768	5780	1736
769	5786	1728
770	5792	1720
771	5799	1712
772	5806	1705
773	5812	1697
774	5819	1689
775	5825	1681
776	5831	1673
777	5837	1665
778	5844	1657
779	5851	1650
780	5857	1642
781	5864	1634
782	5870	1627
783	5877	1619
784	5883	1611
785	5890	1603
786	5896	1596
787	5903	1588
788	5910	1580
789	5916	1572
790	5923	1565
791	5932	1558
792	5941	1551
793	5954	1544
794	5966	1538
795	5980	1532
796	5992	1526
797	6001	1519
798	6009	1511
799	6017	1504
800	6025	1497
801	6033	1489
802	6040	1481
803	6047	1474
804	6057	1467
805	6065	1459
806	6073	1452
807	6081	1445
808	6090	1437
809	6099	1430
810	6107	1423
811	6116	1416
812	6125	1408
813	6133	1401
814	6141	1394
815	6149	1386
816	6158	1379
817	6165	1371
818	6174	1364
819	6184	1357
820	6193	1350
821	6201	1342
822	6209	1335
823	6217	1328
824	6226	1320
825	6233	1313
826	6241	1305
827	6249	1298
828	6256	1290
829	6263	1282
830	6271	1275
831	6277	1267
832	6285	1260
833	6292	1252
834	6299	1244
835	6305	1237
836	6311	1229
837	6320	1221
838	6327	1214
839	6335	1206
840	6343	1199
841	6351	1191
842	6358	1184
843	6366	1176
844	6372	1168
845	6378	1161
846	6386	1153
847	6393	1146
848	6401	1138
849	6408	1130
850	6415	1123
851	6422	1115
852	6429	1108
853	6436	1100
854	6443	1092
855	6452	1085
856	6458	1077
857	6465	1070
858	6472	1062
859	6480	1054
860	6487	1047
861	6495	1039
862	6503	1032
863	6512	1025
864	6521	1017
865	6530	1010
866	6538	1002
867	6546	995
868	6554	988
869	6562	980
870	6569	973
871	6579	965
872	6586	958
873	6594	950
874	6601	943
875	6609	935
876	6616	927
877	6623	920
878	6631	912
879	6638	905
880	6647	897
881	6654	890
882	6661	882
883	6667	874
884	6675	867
885	6681	859
886	6688	852
887	6696	844
888	6702	836
889	6709	829
890	6716	821
891	6723	814
892	6730	806
893	6736	798
894	6743	791
895	6749	783
896	6757	775
897	6764	768
898	6770	760
899	6777	753
900	6784	745
901	6791	737
902	6797	730
903	6804	722
904	6810	714
905	6817	707
906	6824	699
907	6830	692
908	6837	684
909	6845	677
910	6854	669
911	6860	662
912	6868	654
913	6874	646
914	6882	639
915	6889	631
916	6895	624
917	6903	616
918	6909	608
919	6916	601
920	6923	593
921	6930	586
922	6938	578
923	6945	571
924	6954	563
925	6962	556
926	6970	548
927	6978	541
928	6987	533
929	6995	526
930	7003	519
931	7011	511
932	7019	504
933	7026	496
934	7035	489
935	7042	481
936	7051	474
937	7058	466
938	7067	459
939	7074	451
940	7083	444
941	7090	436
942	7098	429
943	7105	421
944	7113	414
945	7121	406
946	7128	398
947	7136	391
948	7144	383
949	7153	376
950	7161	368
951	7174	361
952	7182	354
953	7189	346
954	7198	339
955	7207	331
956	7215	324
957	7223	316
958	7231	309
959	7238	301
960	7247	294
961	7254	286
962	7263	279
963	7271	271
964	7279	264
965	7286	256
966	7294	248
967	7301	241
968	7310	233
969	7318	226
970	7326	218
971	7333	211
972	7341	203
973	7348	196
974	7356	188
975	7364	181
976	7372	173
977	7380	166
978	7388	158
979	7396	150
980	7405	143
981	7413	135
982	7421	128
983	7429	120
984	7437	113
985	7446	105
986	7453	98
987	7461	90
988	7469	83
989	7477	75
990	7486	67
991	7493	60
992	7501	52
993	7508	45
994	7516	37
995	7524	30
996	7530	22
997	7538	15
998	7545	7
999	7553	0
